B0,B0,B0,B0,B0,B0,B0,B0,B0,B0,B0,B0,B0,B0,B0,B0,B0,B0,B0,B0,B0,B0,B0,,,,,,,,,,,,,,,,,,,,,,,,,,,,,,,,,,,,,,,,,,,,,
B0,B0,B0,B0,B0,B0,B0,B0,B0,B0,B0,B0,B0,B0,B0,B0,B0,B0,B0,B0,B0,B0,B0,,,,,,,,,,,,,,,,,,,,,,,,,,,,,,,,,,,,,,,,,,,,,
B0,B0,B0,B0,B0,B0,B0,B0,B0,B0,B0,B0,B0,B0,B0,B0,B0,B0,B0,B0,B0,B0,B0,,,,,,,,,,,,,,,,,,,,,,,,,,,,,,,,,,,,,,,,,,,,,
B0,B0,B0,B0,B0,B0,B0,B0,B0,B0,B0,B0,B0,B0,B0,B0,B0,B0,B0,B0,B0,B0,B0,,,,,,,,,,,,,,,,,,,,,,,,,,,,,,,,,,,,,,,,,,,,,
B0,B0,B0,B0,B0,B0,B0,B0,B0,B0,B0,B0,B0,B0,B0,B0,B0,B0,B0,B0,B0,B0,B0,,,,,,,,,,,,,,,,,,,,,,,,,,,,,,,,,,,,,,,,,,,,,
B0,B0,B0,B0,B0,B0,B0,B0,B0,B0,B0,B0,B0,B0,B0,B0,B0,B0,B0,B0,B0,B0,B0,,,,,,,,,,,,,,,,,,,,,,,,,,,,,,,,,,,,,,,,,,,,,
B0,B0,B0,B0,B0,B0,B0,B0,B0,B0,B0,B0,B0,B0,B0,B0,B0,B0,B0,B0,B0,B0,B0,,,,,,,,,,,,,,,,,,,,,,,,,,,,,,,,,,,,,,,,,,,,,
B0,B0,B0,B0,B0,B0,B0,B0,B0,B0,B0,B0,B0,B0,B0,B0,B0,B0,B0,B0,B0,B0,B0,,,,,,,,,,,,,,,,,,,,,,,,,,,,,,,,,,,,,,,,,,,,,
B0,B0,B0,B0,B0,B0,B0,B0,B0,B0,B0,B0,B0,B0,B0,B0,B0,B0,B0,B0,B0,B0,B0,,,,,,,,,,,,,,,,,,,,,,,,,,,,,,,,,,,,,,,,,,,,,
B0,B0,B0,B0,B0,B0,B0,B0,B0,B0,B0,B0,B0,B0,B0,B0,B0,B0,B0,B0,B0,B0,B0,,,,,,,,,,,,,,,,,,,,,,,,,,,,,,,,,,,,,,,,,,,,,
B0,B0,B0,B0,B0,B0,B0,B0,B0,B0,B0,B0,B0,B0,B0,B0,B0,B0,B0,B0,B0,B0,B0,,,,,,,,,,,,,,,,,,,,,,,,,,,,,,,,,,,,,,,,,,,,,
B0,B0,B0,B0,B0,B0,B0,B0,B0,B0,B0,B0,B0,B0,B0,B0,B0,B0,B0,B0,B0,B0,B0,,,,,,,,,,,,,,,,,,,,,,,,,,,,,,,,,,,,,,,,,,,,,
B0,,,,,,,,,,,,,,,,,,,,,B0,B0,,,,,,,,,,,,,,,,,,,,,,,,,,,,,,,,,,,,,,,,,,,,,
B0,,,,,,,,,,,,,,,,,,,,,B0,B0,,,,,,,,,,,,,,,,,,,,,,,,,,,,,,,,,,,,,,,,,,,,,
B0,,,,,,,,,,,,,,,,,,,,,B0,B0,,,,,,,,,,,,,,,,,,,,,,,,,,,,,,,,,,,,,,,,,,,,,
B0,,,,,,,,,,,,,,,,,,,,,B0,B0,,,,,,,,,,,,,,,,,,,,,,,,,,,,,,,,,,,,,,,,,,,,,
B0,,,,,,,,,,,,,,,,,,,,,B0,,,,,,,,,,,,,,,,,,,,,,,,,,,,,,,,,,,,,,,,,,,,,,
B0,,,,,,,,,,,,,,,,,,,,,G1_2,,,,,,,,,,,,,,,,,,,,,,,,,,,,,,,,,,,,,,,,,,,,,,
B0,,,,,,,,,,,,,,,,,,,B0,B0,B0,B0,E2,,,,,,,,,,,,,,,,,,,,,,,,,,,,,,,,,,,,,,,,,,,,
B0,A0,,,,,,,,,,,,,,,,,,,,A0,B0,B0,,E2,,,,,,,,,,,,,,,,,,,,,,,,,,,,,,,,,,,,,,,,,,
B0,,,,,,,,,,,,,,,,,,,,,,B0,B0,B0,B0,B0,B0,,,R1,,,,,,,,,,,,,,,,,,,,,,,,,,,,,,,,,,,,,
B0,,,,,,,,,,,,,,,,,,,,,,B0,,,,,B1,,,R1,,,,,,,,E2,,,,,,,,,,,,,,,,,,,,,,,,,,,,,
B0,,,,,,,,,,,,,,,,,,,,,,B0,,,,,B1,,,R1,,,,,,,,B1,,,,,,,,,,,,,,,,,,,,,,,,,,,,,
B0,,,,,,,,,,,,,,,,,,,,,,B0,,,,,B1,,,R1,,,G2,R0,R0,R0,R0,,R0,R0,R0,R0,G2,,,,,,,,,,,,,,,,,,,,,,,,
B0,,,,,,,,,,,,,,,,,,,,,,B0,,,,,B1,,,R1,,,,,,,,,,,,,,,,R1,,,G2,,,,,,,,,,,,,,,,,,
B0,,,,,,,,,,,,,,,,,,,,,,B0,,,,,B1,,,R1,,,,,,,,,,,,,,,,R1,,,R1,,,,,,,,,,,,,,,,,,
B0,A0,,,,,,E3,,,,,,,,,,,,,,A0,B0,,,,,B1,,,R1,,,,,,,,,,,,E1,,,,R1,,,R1,,,E1,E2,,,,,,,,,,,,,,
B0,B1,B1,B1,B0,B0,B0,B0,B0,B0,B0,B0,B0,B0,B0,B0,B0,B0,B0,B1,B1,B1,B0,,,,,B1,,,R1,,,,,,,,,,,G0_2,B1,,,,R1,,,R1,,,B0,B0,,,,,,,,,,,,,,B0
B0,B0,B0,B0,B0,B0,B0,B0,B0,B0,B0,B0,B0,B0,B0,B0,B0,B0,B0,B0,B0,B0,B0,,,,,,,,R1,,,,,,,,,,,,,,,,R1,,,R1,,,B0,B0,E1,E2,,,,,,,,,,,,B0
B0,B0,B0,B0,B0,B0,B0,B0,B0,B0,B0,B0,B0,B0,B0,B0,B0,B0,B0,B0,B0,B0,B0,,,,E1,,,,G2,,,,,,,,,,,,　　,,,,G2,,,,,,B0,B0,B0,B0,,,,,,,,,,,,B0
B0,B0,B0,B0,B0,B0,B0,B0,B0,B0,B0,B0,B0,B0,B0,B0,B0,B0,B0,B0,B0,B0,B0,,,,B1,,,,,,G2,R0,R0,,R0,R0,G2,,,,,,,,,,,,,,B0,B0,B0,B0,E1,,,,,,,,,,,B0
B0,B0,B0,B0,B0,B0,B0,B0,B0,B0,B0,B0,B1,B1,B1,B1,B1,B1,B1,B1,B1,B1,B1,B1,B1,B1,B1,B1,B1,B1,B1,B1,B1,B1,B1,B1,B1,B1,B1,B1,B1,B1,B1,B1,B1,B1,B1,B1,B1,B1,B1,B1,B0,B0,B0,B0,B0,B0,,,,,,,,,,B0
B0,B0,B0,B0,B0,B0,B0,B0,B0,B0,B0,B0,,,,,,,,,,,,,,,,,,,,,,,,,,,,,,,,,,,,,,,,,B0,B0,B0,B0,B0,B0,E2,,,,,B0,,R1,,B0
B0,B0,B0,B0,B0,B0,B0,B0,B0,B0,B0,B0,,,,,,,,,,,,,,,,,,,,,,,,,,,,,,,,,,,,,,,,,B0,B0,B0,B0,B0,B0,B0,B0,B0,B0,B0,B0,,R1,,B0
B0,,,B0,B0,B0,B0,B0,B0,B0,B0,B0,,,,,,,,,,,,,,,,,,,,,,,,,,,,,,,,,,,,,,,,,B0,B0,B0,B0,B0,B0,B0,B0,B0,B0,B0,B0,,R1,,B0
B0,,,G0_0,B0,B0,,,,,B0,B0,,,,,,,,,,,,,,,,,,,,,,,,,,,,,,,,,,,,,,,,,B0,B0,B0,B0,B0,B0,B0,B0,B0,B0,B0,B0,,R1,,B0
B0,,B0,B0,B0,,,,T3,,B0,B0,,,,,,,,,,,,,,,,,,,,,,,,,,,,,,,,,,,,,,,,,B0,B0,B0,B0,B0,B0,B0,B0,B0,B0,B0,B0,,R1,,B0
B0,,,E0,,,,,,,B0,B0,,,,,,,,,,,,,,,,,,,,,,,,,,,,,,,,,,,,,,,,,,B0,B0,B0,B0,B0,B0,B0,B0,B0,B0,,,R1,,B0
B0,B0,B0,B0,B0,B0,,,T2,,B0,B0,,,,,,,,,,,,,,,,,,,,,,,,,,,,,,,,,,,,,,,,,,B0,,,,,,B1,,,,,,R1,,B0
B0,B0,B0,B0,B0,B0,,,,,B0,B0,,,,,,,,,,,,,,,,,,,,,,,,,,,,,,,,,,,,,,,,,,G1_1,,,,,,,,,,,,G2,,B0
B0,B0,B0,B0,B0,B0,B0,,,,B0,B0,,,,,,,,,,,,,,,,,,,,,,,,,,,,,,,,,,,,,,,,,B0,B0,,,,,,,,,,E1,E2,,,B0
B0,B0,B0,B0,B0,B0,,,,,G1_0,,,,,,,,,,,B0,B0,B0,B0,B0,,,,,,,,,,,,,,,,,,,,,,,,B0,,,B0,B0,,,,E2,E0,E0,,,E1,B0,B1,B1,B1,B0
B0,B0,B0,B0,B0,B0,,,,B0,B0,B0,,,,,,,,,,B0,B0,B0,B0,B0,,,,,,,,,,,,E2,B0,,,B0,B0,,,B0,B0,,,,,,B0,B0,B0,B0,B0,B0,B0,B0,,,B0,B0,B0,B0,B0,B0
B0,B0,B0,B0,B0,B0,,,,,B0,B0,,,,,,,,,,B0,B0,B0,B0,B0,,,,,,E1,B0,B0,B0,B0,B0,B0,B0,,,,,,,,,,,,,,B0,B0,B0,B0,B0,B0,B0,B0,B1,B1,B0,B0,B0,B0,B0,B0
B0,B0,B0,B0,B0,B0,B0,,,,B0,B0,B0,,,,,,,,,,B0,B0,B0,,,,,E1,,B0,B0,B0,B0,B0,B0,B0,B0,B0,,,,,,,,,,,,,B0,B0,B0,B0,B0,B0,B0,B0,B0,B0,B0,B0,B0,B0,B0,B0
B0,,,,,,,T1,,,B0,B0,B0,,,,,,,,,,,,,,,,,B0,B0,B0,B0,B0,B0,B0,B0,B0,B0,B0,,,,,,,,,,,,,B0,B0,B0,B0,B0,B0,B0,B0,B0,B0,B0,B0,B0,B0,B0,B0
B0,,,T0,,T4,,,,B0,B0,B0,B0,B0,,,,,,,,,,,E0,,B0,B0,B0,B0,B0,B0,B0,B0,B0,B0,B0,B0,B0,B0,B0,,,,,,,,,,,,B0,G0_1,,B1,B0,B0,B0,B0,B0,B0,B0,B0,B0,B0,B0,B0
B0,,P0,,,,,,,B0,B0,B0,B0,B0,,,,,,E0,,B0,B0,B0,B0,B0,B0,B0,B0,B0,B0,B0,B0,B0,B0,B0,B0,B0,B0,B0,B0,E2,,,,,,,,,E2,,,,,B1,B0,B0,B0,B0,B0,B0,B0,B0,B0,B0,B0,B0
B0,B0,B0,B0,B0,B0,B0,B0,B0,B0,B0,B0,B0,B0,B0,B0,B0,B0,B0,B0,B0,B0,B0,B0,B0,B0,B0,B0,B0,B0,B0,B0,B0,B0,B0,B0,B0,B0,B0,B0,B0,B0,B0,B0,B0,B0,B0,B0,B0,B0,B0,B0,B1,B1,B1,B0,B0,B0,B0,B0,B0,B0,B0,B0,B0,B0,B0,B0
B0,B0,B0,B0,B0,B0,B0,B0,B0,B0,B0,B0,B0,B0,B0,B0,B0,B0,B0,B0,B0,B0,B0,B0,B0,B0,B0,B0,B0,B0,B0,B0,B0,B0,B0,B0,B0,B0,B0,B0,B0,B0,B0,B0,B0,B0,B0,B0,B0,B0,B0,B0,B0,B0,B0,B0,B0,B0,B0,B0,B0,B0,B0,B0,B0,B0,B0,B0